Story ID,Prediction,Rationale,Confidence,time,diff
14,1,"LLM-FIRST CONSISTENT:  | DA_SCORE: 5 | M0: To determine if the Hypothetical Backstory contradicts the established events in the novel, let's an | M1: <think>\nOkay, let's tackle this step by step. The user wants to know if the hypothetical backstory a | M2: Step 1 – Timeline Check  \nNo dates are supplied in either the backstory or the evidence excerpts, so | DA_FINAL: **Step\u{202f}1 – Timeline Check**  \nThe back‑story gives no specific dates. None of the excerpts provide a timeline that would place Major\u{202f}McNabbs elsewhere at the time he is alleged to have lived among the | NLI_REF: Consistent","Medium",1775334172578,1
62,1,"LLM-FIRST CONSISTENT:  | DA_SCORE: 5 | M0: To analyze the consistency between the hypothetical backstory and the evidence excerpts from the nov | M1: <think>\nOkay, let's tackle this step by step. The task is to determine if the Hypothetical Backstory | M2: Step 1 – Timeline Check  \nThe backstory says nothing at all about dates, years, or even a sequence o | DA_FINAL: **Step\u{202f}1 – Timeline Check**  \nThe backstory gives no specific dates or years. None of the evidence excerpts provide a timeline for the character in question, so there is no temporal clash.\n\n**Step\u{202f}2 – | NLI_REF: Claim: 'Loss turned him taciturn, acting more than speaking; he felt deep pity for sufferers and stayed calmly watchful toward oppressors.' -> CONTRADICTED BY Unknown: 'His despair was terrible.'","High",1775334172578,1
1,1,"LLM-FIRST CONSISTENT:  | DA_SCORE: 5 | M0: To determine if the Hypothetical Backstory of Jacques Paganel contradicts the established events in  | M1: Step 1 – Timeline Check  \n- The backstory places an anecdote at age twelve, with no calendar year gi | M2: <think>\nOkay, let's tackle this step by step. The user wants to know if the hypothetical backstory o | DA_FINAL: **Step\u{202f}1 – Timeline Check**  \nThe backstory describes an event that occurred when Paganel was **12\u{202f}years old**. All supplied excerpts are taken from chapters that occur **much later** in the narrative | NLI_REF: Claim: 'At twelve, Jacques Paganel fell in love with geography after reading Captain Cook’s nautical journal; with a homemade telescope he studied the stars and papered his bedroom walls with maps he drew himself, earning his father’s scolding for neglecting “serious” pursuits.' -> CONTRADICTED BY Unknown: 'Olbinett, so that he could scarcely set the table.\\r\\n\\r\\nBut Paganel had all the passengers on his side except the major,\\r\\nwho was very indifferent to geographical questions, especially at\\r\\ndinner-time.'","High",1775334172578,1
122,1,"LLM-FIRST CONSISTENT:  | DA_SCORE: 5 | M0: Step 1 – Timeline Check  \n- The backstory places “a Vienna-congress salon” i.e. the Congress of Vien | M1: <think>\nOkay, let's tackle this step by step. The user wants to know if the hypothetical backstory a | M2: To determine if the Hypothetical Backstory contradicts the established events in the novel, let's an | DA_FINAL: **Step\u{202f}1 – Timeline Check**  \nThe back‑story places the event at “a Vienna‑congress salon.” The Congress of Vienna took place in 1814‑1815. None of the supplied excerpts give a date that directly conf | NLI_REF: Claim: 'At a Vienna-congress salon he briefly watched young prosecutor Villefort tamper with evidence against an Italian revolutionary.' -> CONTRADICTED BY Unknown: 'The Palais\\r\\nde Justice communicated with the prison,\\u2014a sombre edifice, that from\\r\\nits grated windows looks on the clock-tower of the Accoules.'","High",1775334172578,1
90,1,"LLM-FIRST CONSISTENT:  | DA_SCORE: 5 | M0: Step 1 – Timeline Check  \nThe backstory is pinned to 1800-1802.  \nAll datable references in the exce | M1: <think>\nOkay, let's tackle this step by step. The user wants to determine if the hypothetical backst | M2: 1. **Step 1 - Timeline Check**: The backstory mentions specific years (1800 and 1802) related to the | DA_FINAL: **Step\u{202f}1 – Timeline Check**  \n- The back‑story places the marriage in\u{202f}1800 and the “accidental” drowning in\u{202f}1802.  \n- The excerpts reference events that occur later (e.g., the Hundred Days,\u{202f}1815) and  | NLI_REF: Claim: 'To obtain royalist intelligence from the Vendée he married Éloïse, daughter of a ruined local noble (1800); when he learned she secretly backed the Chouans he arranged her “accidental” drowning (1802).' -> CONTRADICTED BY Unknown: 'By dint of\\r\\neconomy, prudence, and sagacity, laboring night and day, sacrificing\\r\\nall for him, denying herself everything, the sister succeeded in\\r\\neducating her brother and bravely fulfilled her sisterly'","High",1775334172578,1
45,1,"LLM-FIRST CONSISTENT:  | DA_SCORE: 5 | M0: <think>\nOkay, let's tackle this step by step. The task is to determine if the Hypothetical Backstory | M1: Step 1 – Timeline Check  \nThe backstory describes a single, self-contained incident: witnessing a ma | M2: 1. **Timeline Check**: The provided backstory does not specify exact dates or years, and the evidenc | DA_FINAL: **Step\u{202f}1 – Timeline Check**  \nThe backstory gives no explicit dates. None of the excerpts provide a timeline that would place the character elsewhere at the moment of the raid. Therefore there is no t | NLI_REF: Consistent","Medium",1775334172578,1
88,1,"LLM-FIRST CONSISTENT:  | DA_SCORE: 5 | M0: <think>\nOkay, let's tackle this step by step. The task is to determine if the Hypothetical Backstory | M1: 1. **Timeline Check**: The backstory mentions the character joining the Girondins and drafting parts | M2: Step 1 – Timeline Check  \nNo explicit Revolutionary-period dates are supplied in the excerpts. The o | DA_FINAL: **Step\u{202f}1 – Timeline Check**  \nThe back‑story places “Citizen Noirtier” in the revolutionary period (late 1780s\u{202f}–\u{202f}early 1790s) as a Girondin who later quarrels with Robespierre. The excerpts reference  | NLI_REF: Claim: 'Under the alias “Citizen Noirtier” he joined the Girondins, drafted parts of the Revolutionary Code and broke with Robespierre over whether courts should keep formal procedures.' -> CONTRADICTED BY Unknown: 'Come, come, do not strip\\r\\nthe latter of his just rights to bestow them on the Corsican, who, to\\r\\nmy mind, has usurped quite enough.\\u201d\\r\\n\\r\\n0085m\\r\\n\\r\\n\\r\\n\\r\\n\\u201cNay, madame; I would place each of these heroes on his right\\r\\npedestal\\u2014that of Robespierre on his scaffold in the Place Louis Quinze;\\r\\nthat of Napoleon on the column of the Place Vend\\u00f4me.'","High",1775334172578,1
98,1,"LLM-FIRST CONSISTENT:  | DA_SCORE: 5 | M0: Step 1 – Timeline Check  \nThe backstory speaks of “Waterloo-era” diplomatic letters, i.e., 1815 or v | M1: <think>\nOkay, let's tackle this step by step. The user wants to know if the hypothetical backstory a | M2: 1. **Step 1 - Timeline Check**: The backstory mentions \"Waterloo-era diplomatic letters,\" which sugg | DA_FINAL: **Step\u{202f}1 – Timeline Check**  \nThe backstory refers to “Waterloo‑era diplomatic letters” (circa\u{202f}1815). None of the supplied excerpts contain any reference to the year\u{202f}1815, the Battle of Waterloo, or a | NLI_REF: Consistent","Medium",1775334172578,1
128,0,"LLM-FIRST VERIFIED:  | DA_SCORE: 5 | M0: 1. **Step 1 - Timeline Check**: The backstory mentions that the character's invisible-ink formula ca | M1: <think>\nOkay, let's tackle this step by step. The task is to determine if the hypothetical backstory | M2: Step 1 – Timeline Check  \nThe backstory claims the character already possessed an “invisible-ink for | DA_FINAL: **Step‑by‑step analysis**\n\n1. **Timeline Check** – The backstory places the invention of the invisible‑ink formula during a *temple‑mural restoration in India*.  \n   *Evidence*: The only reference to  | NLI_REF: Claim: 'His invisible-ink formula came from temple-mural restoration in India, first used to rescue local epics the colonists had defaced.' -> CONTRADICTED BY Unknown: 'At his request the famous document\\r\\nwas shown to him.'","High",1775334172578,1
106,1,"LLM-FIRST CONSISTENT:  | DA_SCORE: 5 | M0: Step 1 – Timeline Check  \nNo explicit dates are supplied in either the backstory or the excerpts, so | M1: <think>\nOkay, let's tackle this step by step. The task is to determine if the given Hypothetical Bac | M2: 1. **Step 1 - Timeline Check**: The provided backstory does not specify exact dates or years, and th | DA_FINAL: **Step\u{202f}1 – Timeline Check**  \nThe back‑story mentions “a society meeting” with Noirtier and Fernand, but none of the supplied excerpts give a date or chapter that places such a meeting. The excerpts t | NLI_REF: Claim: 'At a society meeting he met Fernand; though on opposite sides they used each other—Noirtier exploiting Fernand’s military information.' -> CONTRADICTED BY Unknown: 'Fernand dashed his on the ground.\\r\\n\\r\\n\\u201cEh, eh, eh!\\u201d stammered Caderousse.'","High",1775334172578,1
35,1,"LLM-FIRST CONSISTENT:  | DA_SCORE: 5 | M0: <think>\nOkay, let's tackle this step by step. The user wants to determine if the Hypothetical Backst | M1: Step 1 – Timeline Check  \nNo absolute dates are given in either the backstory or the evidence snippe | M2: To determine if the Hypothetical Backstory contradicts the established events in the novel, let's an | DA_FINAL: **Step\u{202f}1 – Timeline Check**  \nThe backstory gives no explicit dates, so there is no temporal clash with the excerpts.\n\n**Step\u{202f}2 – Location Check**  \nNo locations are specified in the backstory, and th | NLI_REF: Consistent","Medium",1775334172578,1
29,1,"LLM-FIRST CONSISTENT:  | DA_SCORE: 1 | M0: <think>\nOkay, let's tackle this step by step. The task is to determine if the hypothetical backstory | M1: To determine if the Hypothetical Backstory contradicts the established events in the novel, let's an | M2: Step 1 – Timeline Check  \nThere is no reference in any excerpt to a hanging that takes place “the ni | DA_FINAL: **Step\u{202f}1 – Timeline Check**  \nThe back‑story specifies “the night before the mate was hanged.” None of the supplied excerpts contain any reference to a hanging, a scheduled execution, or a night‑time  | NLI_REF: Consistent","Medium",1775334172578,1
92,1,"LLM-FIRST CONSISTENT:  | DA_SCORE: 5 | M0: <think>\nOkay, let's tackle this step by step. The task is to determine if the Hypothetical Backstory | M1: 1. **Timeline Check**: The backstory mentions a specific event in 1804, where Noirtier publicly burn | M2: Step 1 – Timeline Check  \nThe backstory is pinned to 1804: “publicly burned the Saint-Méran betrotha | DA_FINAL: **Step\u{202f}1 – Timeline Check**  \n- The back‑story pins the burning of the Saint‑Méran betrothal contract to **1804**.  \n- The only dated passage that mentions Villefort’s movements is in **Chapter\u{202f}13 “Th | NLI_REF: Claim: '**Father-son Rift**: Discovering that his elder son Gérard (Villefort) sought to wed into the old aristocracy, Noirtier publicly burned the Saint-Méran betrothal contract (1804), forcing Villefort to flee to Paris overnight.' -> CONTRADICTED BY Unknown: 'Except the\\r\\nrecollection of the line of politics his father had adopted, and which\\r\\nmight interfere, unless he acted with the greatest prudence, with his\\r\\nown career, G\\u00e9rard de Villefort was as happy as a man could be.'","High",1775334172578,1
123,1,"LLM-FIRST CONSISTENT:  | DA_SCORE: 5 | M0: <think>\nOkay, let's tackle this step by step. The task is to determine if the hypothetical backstory | M1: Step 1 – Timeline Check  \nNo explicit date is attached to the backstory incident (“In Rome he and No | M2: 1. **Step 1 - Timeline Check**: The backstory mentions that the character and Noirtier de Villefort  | DA_FINAL: **Step\u{202f}1 – Timeline Check**  \nThe backstory places the meeting in Rome while the characters study “Napoleon’s secret letters.” None of the excerpts give a date or location for such an event, nor do th | NLI_REF: Claim: 'In Rome he and Noirtier de Villefort studied Napoleon’s secret letters together, then quarrelled over whether to publish their contents.' -> CONTRADICTED BY Unknown: 'The deputy\\r\\nprocureur was, therefore, the first magistrate of Marseilles, when one\\r\\nmorning his door opened, and M. Morrel was announced.\\r\\n\\r\\nAnyone else would have hastened to receive him; but Villefort was a man\\r\\nof ability, and he knew this would be a sign of weakness.'","High",1775334172578,1
112,1,"LLM-FIRST CONSISTENT:  | DA_SCORE: 5 | M0: Step 1 – Timeline Check  \nNo date is supplied in the backstory, nor in any excerpt.  Nothing in the  | M1: <think>\nOkay, let's tackle this step by step. The task is to determine if the hypothetical backstory | M2: 1. **Step 1 - Timeline Check**: The provided backstory does not specify exact dates or years, making | DA_FINAL: **Step\u{202f}1 – Timeline Check**  \nThe back‑story does not give a specific year or date for the meeting. The excerpts span many chapters of *The Count of Monte\u{202f}Christo* (from the opening in Marseilles to l | NLI_REF: Claim: 'Through underground circles he met the Count of Monte Cristo and fed the avenger vital information, lending invisible aid to the plot against his enemies.' -> CONTRADICTED BY Unknown: 'After a few\\r\\nmoments of contemplation, he turned and found himself face to face with\\r\\na new character.'","High",1775334172578,1
12,0,"LLM-FIRST VERIFIED:  | DA_SCORE: 5 | M0: <think>\nOkay, let's tackle this step by step. The user wants to know if the hypothetical backstory c | M1: Step 1 – Timeline Check  \nNo absolute dates are given in the backstory or in the excerpts.  The wrec | M2: To determine if the Hypothetical Backstory contradicts the established events in the novel, let's an | DA_FINAL: **Step\u{202f}1 – Timeline Check**  \nThe back‑story says the character *declined* to join the charting of the Britannia’s maiden voyage. The excerpts describe events that occur **during** that maiden voyage  | NLI_REF: Claim: 'He declined to take part in charting the maiden voyage of the Britannia; when news of her wreck arrived he filled three diary pages with the sentence “I could have prevented it.”' -> CONTRADICTED BY Unknown: 'He explained that Ayrton's presence was necessary\\r\\nto the expedition; that on approaching the coast the country would be\\r\\nunknown; that, if chance set them on the track of Captain Grant, the\\r\\nquartermaster would be more capable than any one else of following it;\\r\\nin short, that he alone could point out the place where the Britannia\\r\\nwas lost.\\r\\n\\r\\nMacNabb, therefore, advocated their continuing on the journey without\\r\\nchange.'","High",1775334172578,1
139,1,"LLM-FIRST CONSISTENT:  | DA_SCORE: 5 | M0: <think>\nOkay, let's tackle this step by step. The task is to determine if the Hypothetical Backstory | M1: Step 1 – Timeline Check  \nNo explicit dates or years are mentioned in either the backstory (“Enlight | M2: To determine if the Hypothetical Backstory contradicts the established events in the novel, let's an | DA_FINAL: **Step\u{202f}1 – Timeline Check**  \nThe back‑story contains no explicit dates. None of the excerpts give a conflicting chronology, so there is no temporal clash.\n\n**Step\u{202f}2 – Location Check**  \nThe back‑stor | NLI_REF: Claim: 'Enlightenment ideals of liberty, equality and fraternity sustained him, turning even the dungeon into a classroom for hope.' -> CONTRADICTED BY Unknown: 'A door that communicated with the Palais de Justice\\r\\nwas opened, and they went through a long range of gloomy corridors,\\r\\nwhose appearance might have made even the boldest shudder.'","High",1775334172578,1
137,1,"LLM-FIRST CONSISTENT:  | DA_SCORE: 5 | M0: 1. **Step 1 - Timeline Check**: The backstory mentions that the character was re-arrested and shippe | M1: <think>\nOkay, let's tackle this step by step. The task is to determine if the Hypothetical Backstory | M2: Step 1 – Timeline Check  \nThe backstory claims the character was “again suspected in 1815 … re-arres | DA_FINAL: **Step\u{202f}1 – Timeline Check**  \n- The back‑story says the character was “suspected again in\u{202f}1815, he was **re‑arrested** and shipped to the Château d’If, this time for life.”  \n- The novel’s timeline sh | NLI_REF: Claim: 'Suspected again in 1815, he was re-arrested and shipped to the Château d’If, this time for life.' -> CONTRADICTED BY Unknown: 'This\\r\\nfortnight expired, he decided that the inspector would do nothing until\\r\\nhis return to Paris, and that he would not reach there until his\\r\\ncircuit was finished, he therefore fixed three months; three months\\r\\npassed away, then six more.'","High",1775334172578,1
43,1,"LLM-FIRST CONSISTENT:  | DA_SCORE: 5 | M0: <think>\nOkay, let's tackle this step by step. The task is to determine if the Hypothetical Backstory | M1: Step 1 – Timeline Check  \nThe backstory implies the character left the Northern Hemisphere “under da | M2: To determine if the Hypothetical Backstory contradicts the established events in the novel, let's an | DA_FINAL: **Step\u{202f}1 – Timeline Check**  \nThe backstory gives no explicit dates. None of the excerpts provide a dated event that would place the character elsewhere at the same time. Therefore there is no tempora | NLI_REF: Claim: 'Suspected of colluding with the enemy, he panicked, slipped away in a lifeboat under darkness and fled to the Southern Hemisphere.' -> CONTRADICTED BY Unknown: 'I saw your vessel, and\\r\\nfearful of being left to perish on the desolate island, I swam off on a\\r\\npiece of wreckage to try and intercept your course.'","High",1775334172578,1
107,0,"LLM-FIRST VERIFIED:  | DA_SCORE: 5 | M0: <think>\nOkay, let's tackle this step by step. The task is to determine if the hypothetical backstory | M1: Step 1 - Timeline Check:  \nBackstory claims Napoleon “triumphed at Waterloo” and then, still in 1815 | M2: 1. **Step 1 - Timeline Check**: The backstory mentions Napoleon's triumph at Waterloo ending his hop | DA_FINAL: **Step\u{202f}1 – Timeline Check**  \n- The back‑story states: *“Napoleon’s triumph at Waterloo ended his hopes; in 1815 he withdrew from active plotting and turned to family affairs.”*  \n- The novel’s eviden | NLI_REF: Claim: 'Napoleon’s triumph at Waterloo ended his hopes; in 1815 he withdrew from active plotting and turned to family affairs.' -> CONTRADICTED BY Unknown: 'In fact,\\r\\nthe minister, who, in the plenitude of his power, had been unable to\\r\\nunearth Napoleon\\u2019s secret, might in despair at his own downfall\\r\\ninterrogate Dant\\u00e8s and so lay bare the motives of Villefort\\u2019s plot.\\r\\nRealizing this, Villefort came to the rescue of the crest-fallen\\r\\nminister, instead of aiding to crush him.\\r\\n\\r\\n\\u201cSire,\\u201d said Villefort, \\u201cthe suddenness of this event must prove to\\r\\nyour majesty that the issue is in the hands of Providence; what your\\r\\nmajesty is pleased to attribute to me as profound perspicacity is\\r\\nsimply owing to chance, and I have profited by that chance, like a good\\r\\nand devoted servant\\u2014that\\u2019s all.'","High",1775334172578,1
32,1,"LLM-FIRST CONSISTENT:  | DA_SCORE: 5 | M0: <think>\nOkay, let's tackle this step by step. The task is to determine if the hypothetical backstory | M1: 1. **Step 1 - Timeline Check**: The provided backstory does not specify exact dates or years, and th | M2: Step 1 – Timeline Check  \nNo specific calendar dates are supplied in either the back-story or the ex | DA_FINAL: **Step\u{202f}1 – Timeline Check**  \nThe back‑story gives no explicit dates or years. None of the evidence excerpts contain a dated event that would clash with a specific time frame for the back‑story. There | NLI_REF: Claim: 'During clashes between tribe and settlers he steered both sides toward mutual ruin, then welded the survivors into an underground intelligence web that straddled the two worlds.' -> CONTRADICTED BY Unknown: 'He had landed near the spot where\\r\\nSurville had ill-treated some of the natives and traitorously seized\\r\\na son of the chief, Takouri, who yet appeared to welcome this next\\r\\nFrench visitant, though remembering none the less the terrible duty of\\r\\nvengeance which is felt by the Maori to be so binding.\\r\\n\\r\\n[Illustration: It was on the sixth of October, 1769, that this\\r\\nnavigator (Captain Cook) first landed on the shores.]\\r\\n\\r\\nFor a long time the cloak of friendship was worn by the natives, the\\r\\nmore thoroughly to lull the suspicions of the whites, and to entice a\\r\\nlarger number on shore; in which endeavor they succeeded only too well.\\r\\nThe French ships being greatly out of repair, Marion was induced to\\r\\nfell timber at some distance in the interior, and to establish in this\\r\\noccupation a great number of his men, going frequently to them, and\\r\\nremaining with them and the apparently friendly chiefs.'","High",1775334172578,1
19,1,"LLM-FIRST CONSISTENT:  | DA_SCORE: 5 | M0: Step 1 – Timeline Check  \nNo dates or years appear in any excerpt, so nothing explicitly contradicts | M1: To determine if the Hypothetical Backstory contradicts the established events in the novel, let's an | M2: <think>\nOkay, let's tackle this step by step. The task is to determine if the Hypothetical Backstory | DA_FINAL: **Step\u{202f}1 – Timeline Check**  \nThe back‑story gives no specific dates; the excerpts contain no chronological information that would place the character elsewhere at the same time. No temporal clash can | NLI_REF: Claim: 'Because he spoke both French and English he was posted to a Mediterranean merchant fleet where he learned basic seamanship and celestial navigation.' -> CONTRADICTED BY Unknown: 'When he came to\\r\\nhimself, he was in the hands of the natives, who carried him into the\\r\\ninterior of the country.'","High",1775334172578,1
76,1,"LLM-FIRST CONSISTENT:  | DA_SCORE: 5 | M0: Step 1 – Timeline Check  \nThe backstory claims the character already possesses “a European pocket-wa | M1: <think>\nOkay, let's tackle this step by step. The user wants to determine if the hypothetical backst | M2: To determine if the Hypothetical Backstory contradicts the established events in the novel, let's an | DA_FINAL: **Step\u{202f}1 – Timeline Check**  \nThe back‑story gives no explicit dates. The evidence excerpts are set during the Napoleonic/Restoration period (e.g., “Palais de Justice,” “Paris,” “the Hundred Days”). T | NLI_REF: Claim: 'He carried a European pocket-watch taken from the French mate, its inner lid holding a lock of Julia’s hair, which explained both his grasp of mechanical time and his disgust for Christian objects.' -> CONTRADICTED BY Unknown: 'Under his cloak a tippet of\\r\\nfox-skin encircled his neck and terminated in a point in front.'","High",1775334172578,1
40,1,"LLM-FIRST CONSISTENT:  | DA_SCORE: 5 | M0: Step 1 – Timeline Check  \nThe backstory never assigns a specific date or year, nor does the supplied | M1: <think>\nOkay, let's tackle this step by step. The task is to determine if the Hypothetical Backstory | M2: To determine if the Hypothetical Backstory contradicts the established events in the novel, let's an | DA_FINAL: **Step‑by‑step consistency analysis**\n\n**Step\u{202f}1 – Timeline Check**  \nThe backstory gives no explicit dates; it only describes a period “while serving aboard ship”. None of the excerpts provide a confl | NLI_REF: Consistent","Medium",1775334172578,1
71,1,"LLM-FIRST CONSISTENT:  | DA_SCORE: 5 | M0: <think>\nOkay, let's tackle this step by step. The task is to determine if the Hypothetical Backstory | M1: Step 1 – Timeline Check  \nNo evidence excerpt gives an absolute date, range, or even a reference poi | M2: 1. **Step 1 - Timeline Check**: The backstory mentions the \"north-island war,\" but it does not provi | DA_FINAL: **Step\u{202f}1 – Timeline Check**  \nThe back‑story is set during a “north‑island war.” None of the supplied excerpts give a date or reference a war of that kind; they describe a river journey, encounters wi | NLI_REF: Claim: 'During the north-island war he let troops burn an empty village, lured them into a swamp and battered them with captured European cannon; the victory won him the name “Bone-Eater,” but shrapnel crippled his left leg and he thereafter leaned on a peach-wood staff carved with sea-monster totems.' -> CONTRADICTED BY Unknown: 'Several dozen of little fish, delicate\\r\\nas smelts, called \\\"mojarras,\\\" wriggled in a fold of his poncho, and\\r\\nseemed likely to make an exquisite dish.\\r\\n\\r\\nAt this moment the hunters descended from the top of the tree.'","High",1775334172578,1
63,1,"LLM-FIRST CONSISTENT:  | DA_SCORE: 5 | M0: To determine if the Hypothetical Backstory contradicts the established events in the novel, let's an | M1: <think>\nOkay, let's tackle this step by step. The task is to determine if the Hypothetical Backstory | M2: Step 1 – Timeline Check  \nNo dates or years are supplied in the backstory snippet (“With the rescue  | DA_FINAL: **Step\u{202f}1 – Timeline Check**  \nThe back‑story gives no specific dates. None of the excerpts provide a timeline that would place the rescue‑squad episode at a time that conflicts with other events. → No | NLI_REF: Claim: 'With the rescue squad he learned enough nautical English to converse with Captain Horace and the sailors.' -> CONTRADICTED BY Unknown: 'They then visited between-decks, and the hold, but found\\r\\nneither Halley nor his sailors.\\r\\n\\r\\n\\\"What!'","High",1775334172578,1
9,1,"LLM-FIRST CONSISTENT:  | DA_SCORE: 5 | M0: <think>\nOkay, let's tackle this step by step. The task is to determine if the hypothetical backstory | M1: Step 1 – Timeline Check  \nThe backstory hinges on “an academic report” that accidentally contains a  | M2: 1. **Step 1 - Timeline Check**: The backstory mentions that the character accidentally slipped a far | DA_FINAL: **Step\u{202f}1 – Timeline Check**  \nThe backstory does not give a specific year or date for the incident. None of the evidence excerpts provide a date for an “academic report” or for a “farewell letter” bei | NLI_REF: Consistent","Medium",1775334172578,1
109,1,"LLM-FIRST CONSISTENT:  | DA_SCORE: 5 | M0: <think>\nOkay, let's tackle this step by step. The task is to determine if the hypothetical backstory | M1: Step 1 – Timeline Check  \nThe backstory only mentions a vague “family-gathering” pattern (“every fam | M2: To determine if the Hypothetical Backstory contradicts the established events in the novel, let's an | DA_FINAL: **Step‑by‑step analysis**\n\n**Step\u{202f}1 – Timeline Check**  \nThe back‑story contains no explicit dates. All evidence excerpts are undated fragments, so there is no temporal clash.\n\n**Step\u{202f}2 – Location Che | NLI_REF: Claim: 'Villefort’s drift toward the royalists disappointed him; father and son argued politics at every family gathering.' -> CONTRADICTED BY Unknown: 'He\\r\\nwas about to marry a young and charming woman, whom he loved, not\\r\\npassionately, but reasonably, as became a deputy attorney of the king;\\r\\nand besides her personal attractions, which were very great,\\r\\nMademoiselle de Saint-M\\u00e9ran\\u2019s family possessed considerable political\\r\\ninfluence, which they would, of course, exert in his favor.'","High",1775334172578,1
55,1,"LLM-FIRST CONSISTENT:  | DA_SCORE: 5 | M0: <think>\nOkay, let's tackle this step by step. The task is to determine if the hypothetical backstory | M1: Step 1 – Timeline Check  \nThe backstory speaks of a “first double role” in which the character was a | M2: To determine if the Hypothetical Backstory contradicts the established events in the novel, let's an | DA_FINAL: **Step\u{202f}1 – Timeline Check**  \nThe back‑story gives no explicit date. None of the excerpts provide a conflicting date for the same event, so there is no temporal clash.\n\n**Step\u{202f}2 – Location Check**  \nT | NLI_REF: Claim: 'His first double role: hired by a British Geographical Society expedition, he quietly altered the route to shield sacred Indian sites.' -> CONTRADICTED BY Unknown: 'He believed that the Maoris were sparing them\\r\\nthe fatigue of their journey to the English settlements, and that they\\r\\nwere certain to arrive at their destination.\"}'","High",1775334172578,1
17,1,"LLM-FIRST CONSISTENT:  | DA_SCORE: 5 | M0: Step 1 – Timeline Check  \nNone of the provided Evidence Excerpts gives any hard calendar date for th | M1: <think>\nOkay, let's tackle this step by step. The task is to determine if the hypothetical backstory | M2: CRITICAL_FAILURE on groq-llama: All 10 attempts failed for model groq-llama | DA_FINAL: **Step\u{202f}1 – Timeline Check**  \nThe back‑story gives no specific dates. The evidence excerpts are only chapter titles from *The Count of Monte Cristo* (e.g., “Chapter\u{202f}3. The Catalans”, “Chapter\u{202f}8. The C | NLI_REF: Consistent","Medium",1775334172578,1
100,1,"LLM-FIRST CONSISTENT:  | DA_SCORE: 5 | M0: <think>\nOkay, let's tackle this step by step. The task is to determine if the hypothetical backstory | M1: Step 1 – Timeline Check  \nNo passage contains an explicit year or ages for any character. The backst | M2: CRITICAL_FAILURE on groq-llama: All 10 attempts failed for model groq-llama | DA_FINAL: **Step\u{202f}1 – Timeline Check**  \nThe backstory refers only to the character’s childhood in Paris and does not specify dates. All evidence excerpts describe adult events (e.g., “Chapter\u{202f}10. The King’s Clo | NLI_REF: Claim: 'Growing up in Paris he devoured Voltaire and Rousseau, burning with enthusiasm for liberty and equality.' -> CONTRADICTED BY Unknown: 'His recital\\r\\nfinished, the abb\\u00e9 reflected long and earnestly.\\r\\n\\r\\n\\u201cThere is,\\u201d said he, at the end of his meditations, \\u201ca clever maxim,\\r\\nwhich bears upon what I was saying to you some little while ago, and\\r\\nthat is, that unless wicked ideas take root in a naturally depraved\\r\\nmind, human nature, in a right and wholesome state, revolts at crime.\\r\\nStill, from an artificial civilization have originated wants, vices,\\r\\nand false tastes, which occasionally become so powerful as to stifle\\r\\nwithin us all good feelings, and ultimately to lead us into guilt and\\r\\nwickedness.'","High",1775334172578,1
89,1,"LLM-FIRST CONSISTENT:  | DA_SCORE: 5 | M0: <think>\nOkay, let's tackle this step by step. The task is to determine if the given Hypothetical Bac | M1: Step 1 – Timeline Check  \nThe backstory pins the alleged turning-point to 1793 – the trial and execu | M2: 1. **Step 1 - Timeline Check**: The backstory mentions a specific event in 1793, Louis XVI's trial,  | DA_FINAL: **Step\u{202f}1 – Timeline Check**  \nThe back‑story places the turning‑point in **1793** (the trial of Louis\u{202f}XVI).  \nAll supplied excerpts refer to events **after** the Revolution – e.g., the restoration of  | NLI_REF: Claim: '**Turning Point**: Arguing for procedural justice at Louis XVI’s trial (1793) he was driven from the inner circle, an experience that later anchored his insistence on legal formalism.' -> CONTRADICTED BY Unknown: 'The Two Prisoners\\r\\n\\r\\nA year after Louis XVIII.\\u2019s restoration, a visit was made by the\\r\\ninspector-general of prisons.'","High",1775334172578,1
66,1,"LLM-FIRST CONSISTENT:  | DA_SCORE: 5 | M0: 1. **Step 1 - Timeline Check**: The backstory mentions that Lord Glenarvan met the character at a Lo | M1: <think>\nOkay, let's tackle this step by step. The task is to determine if the Hypothetical Backstory | M2: Step 1 – Timeline Check  \n- Backstory: Lord Glenarvan met the man “briefly at a London Royal Geograp | DA_FINAL: **Step\u{202f}1 – Timeline Check**  \nThe back‑story places the initial meeting at a London Royal Geographical Society dinner, after which Glenarvan “hired him at once as guide for the South‑American interior | NLI_REF: Claim: 'Lord Glenarvan met him briefly at a London Royal Geographical Society dinner, was struck by his encyclopaedic knowledge of mountains and seas and hired him at once as guide for the South-American interior.' -> CONTRADICTED BY Unknown: 'As for Glenarvan and his\\r\\nfriends, he scarcely noticed them; he did not even know their names,\\r\\nnor did he care to.'","High",1775334172578,1
20,1,"LLM-FIRST CONSISTENT:  | DA_SCORE: 5 | M0: <think>\nOkay, let's tackle this step by step. The task is to determine if the Hypothetical Backstory | M1: Step 1 – Timeline Check  \nNo specific calendar years or ages are supplied in either the backstory or | M2: To determine if the Hypothetical Backstory contradicts the established events in the novel, let's an | DA_FINAL: **Step\u{202f}1 – Timeline Check**  \nThe backstory gives no explicit dates. None of the excerpts contain a dated event that would place the character elsewhere at the time of the alleged rescue. Therefore th | NLI_REF: Claim: 'After a failed attempt to save a drowning comrade he was injured; the naval commander’s praise when he recovered left him with a strong sense of duty toward rescue.' -> CONTRADICTED BY Unknown: 'The captain wished to know the extent of the damage.'","High",1775334172578,1
46,1,"LLM-FIRST CONSISTENT:  | DA_SCORE: 5 | M0: 1. **Step 1 - Timeline Check**: The backstory does not provide specific dates or years, and the evid | M1: Step 1 – Timeline Check  \nThe excerpts are undated; the only “time-stamp” is the relative novel prog | M2: <think>\nOkay, let's tackle this step by step. The task is to determine if Thalcave's hypothetical ba | DA_FINAL: **Step\u{202f}1 – Timeline Check**  \nThe backstory gives no explicit dates; it only describes Thalcave’s childhood before the expedition. All evidence excerpts place Thalcave in the present‑time of the narra | NLI_REF: Claim: 'Boyhood was spent roaming the plains with his father, learning to track, tame horses and steer by the stars.' -> CONTRADICTED BY Unknown: 'His occupation was to let mules to travelers,\\r\\nand guide them across the passes of the Andes.'","High",1775334172578,1
31,1,"LLM-FIRST CONSISTENT:  | DA_SCORE: 5 | M0: <think>\nOkay, let's tackle this step by step. The task is to determine if the hypothetical backstory | M1: Step 1 – Timeline Check  \nNo absolute calendar date is stated in the backstory. None of the evidence | M2: To determine if the Hypothetical Backstory contradicts the established events in the novel, let's an | DA_FINAL: **Step\u{202f}1 – Timeline Check**  \nThe back‑story does not specify a date or year. None of the excerpted passages contain a timestamp that would conflict with “rescuing an indigenous elder” or “secretly ma | NLI_REF: Claim: 'He rescued the indigenous elder Yurook from colonists and gained tribal protection, learning bush tracking while secretly mapping settler outposts.' -> CONTRADICTED BY Unknown: 'There was no sign of natives,\\r\\nno path that would indicate the presence of man in these regions.'","High",1775334172578,1
18,1,"LLM-FIRST CONSISTENT:  | DA_SCORE: 5 | M0: <think>\nOkay, let's tackle this step by step. The task is to determine if the hypothetical backstory | M1: Step 1 – Timeline Check  \nThe backstory contains no explicit dates or years. None of the excerpts su | M2: CRITICAL_FAILURE on groq-llama: All 10 attempts failed for model groq-llama | DA_FINAL: **Step\u{202f}1 – Timeline Check**  \nThe back‑story does not give a specific year or chapter reference. None of the supplied excerpts contain any mention of a time when the protagonist was examining his fath | NLI_REF: Consistent","Medium",1775334172578,1
69,1,"LLM-FIRST CONSISTENT:  | DA_SCORE: 5 | M0: <think>\nOkay, let's tackle this step by step. The task is to determine if the Hypothetical Backstory | M1: Step 1 – Timeline Check  \nNo date or year is supplied in the backstory, and none of the evidence exc | M2: CRITICAL_FAILURE on groq-llama: All 10 attempts failed for model groq-llama | DA_FINAL: **Step\u{202f}1 – Timeline Check**  \nThe backstory gives no explicit dates. The evidence excerpts are taken from chapters of *The Count of Monte\u{202f}Christo* and other 19th‑century novels, but none contain any r | NLI_REF: Claim: 'At seventeen he was poisoned by an uncle during a succession struggle; manuka-bark saved him and left his nature darker.' -> CONTRADICTED BY Unknown: 'He was still young\\u2014he was only\\r\\nfour or five-and-twenty\\u2014he had nearly fifty years to live.' | Claim: 'To obtain powder against the colonists he led thirty warriors against the French merchantman Amethyst, seized flint-lock muskets and picked up basic French, then discovered the captain selling Maori slaves and sacrificed every prisoner to the volcano-god.' -> CONTRADICTED BY Unknown: 'He believed that the Maoris were sparing them\\r\\nthe fatigue of their journey to the English settlements, and that they\\r\\nwere certain to arrive at their destination.\"}'","High",1775334172578,1
36,1,"LLM-FIRST CONSISTENT:  | DA_SCORE: 5 | M0: Step 1 – Timeline Check  \nThe backstory (“Bible-quoting habit he had picked up as a mission pupil”)  | M1: <think>\nOkay, let's tackle this step by step. The task is to determine if the Hypothetical Backstory | M2: To determine if the Hypothetical Backstory contradicts the established events in the novel, let's an | DA_FINAL: **Step\u{202f}1 – Timeline Check**  \nThe back‑story does not give any specific dates or years. None of the excerpts contain a timeline that places the character in a mission school at a particular time, so t | NLI_REF: Consistent","Medium",1775334172578,1
50,1,"LLM-FIRST CONSISTENT:  | DA_SCORE: 5 | M0: <think>\nOkay, let's tackle this step by step. The task is to determine if the hypothetical backstory | M1: Step 1 – Timeline Check  \nNo date or year is supplied in the backstory, and none of the excerpt chun | M2: To determine if the Hypothetical Backstory contradicts the established events in the novel, let's an | DA_FINAL: **Step\u{202f}1 – Timeline Check**  \nThe back‑story gives no explicit date. All evidence excerpts are untitled “CHAPTER\u{202f}X”, “CHAPTER\u{202f}XXV”, etc., and none provide a concrete year or season that would clash wi | NLI_REF: Claim: 'He saved an old shepherd bitten by a viper; in gratitude the man gave him a secret map of pampas water-holes and taught him that a guide’s duty is to keep life moving.' -> CONTRADICTED BY Unknown: 'Their feathered companions had already set the\\r\\nexample; the hilgueros, those nightingales of the Pampas, had ceased\\r\\ntheir melodious warblings, and all the birds had disappeared in the\\r\\nrecesses of the foliage.'","High",1775334172578,1
73,1,"LLM-FIRST CONSISTENT:  | DA_SCORE: 5 | M0: <think>\nOkay, let's tackle this step by step. The task is to determine if the hypothetical backstory | M1: Step 1 – Timeline Check  \nThe backstory gives no specific date or year for the Bible-page/opium inci | M2: CRITICAL_FAILURE on groq-llama: All 10 attempts failed for model groq-llama | DA_FINAL: **Step\u{202f}1 – Timeline Check**  \nThe back‑story gives no explicit date or year. All evidence excerpts are untimed fragments (e.g., “CHAPTER\u{202f}XLVII”, “CHAPTER\u{202f}XLIX”, etc.) that do not provide a chronologic | NLI_REF: Claim: 'Finding missionaries wrapping opium in Bible pages, he ordered every book burned except the sheepskin map showing ancestral migration routes.' -> CONTRADICTED BY Unknown: 'A \\\"roukah,\\\" a kind of upright tent, of leather,\\r\\nwhich stood in a hollow, and had been abandoned by the natives, served\\r\\nas a refuge for the travelers, while their horses, stretched on the\\r\\nmuddy shores of the lake, ate the saline plants and dry reeds, although\\r\\nreluctantly.\\r\\n\\r\\nWhen each had sat down in the roukah, Paganel asked Thalcave's advice\\r\\nas to what was best to be done.'","High",1775334172578,1
23,1,"LLM-FIRST CONSISTENT:  | DA_SCORE: 5 | M0: <think>\nOkay, let's tackle this step by step. The task is to determine if the hypothetical backstory | M1: To determine if the Hypothetical Backstory contradicts the established events in the novel, let's an | M2: Step 1 – Timeline Check  \nNo explicit dates or years are given in the backstory (e.g., the mother’s  | DA_FINAL: **Step‑by‑step analysis**\n\n**Step\u{202f}1 – Timeline Check**  \nThe backstory gives no explicit dates. None of the excerpted passages contain any chronological information that would place Paganel’s mother’s | NLI_REF: Claim: 'After his mother died she entrusted him with the care of his toddler half-brother; the child was later taken to Europe by the French stepfather and never heard from again, leaving Paganel with a lifelong dread of “separation by life and death.”' -> CONTRADICTED BY Unknown: 'He\\r\\nhad been educated in the Wesleyan Methodist day-school at Melbourne,\\r\\nand was now going for a time to visit his parents, who were living\\r\\nwith the rest of their tribe in Lachlan.'","High",1775334172578,1
120,1,"LLM-FIRST CONSISTENT:  | DA_SCORE: 5 | M0: <think>\nOkay, let's tackle this step by step. The user wants to determine if the hypothetical backst | M1: To determine if the Hypothetical Backstory contradicts the established events in the novel, let's an | M2: Step 1 – Timeline Check  \nThe backstory claims the character invented a heat-revealing ink and then  | DA_FINAL: **Step\u{202f}1 – Timeline Check**  \nThe backstory does not give a specific year for the invention of the “salt‑blood” ink or the escape of the Corsican patriot. None of the supplied excerpts contain dates t | NLI_REF: Claim: 'He invented a “salt-blood” ink that revealed under heat, used it to help a Corsican patriot escape, and was transferred to the more secure Château d’If for the trouble.' -> CONTRADICTED BY Unknown: 'remounted the throne; Villefort, to whom Marseilles had\\r\\nbecome filled with remorseful memories, sought and obtained the\\r\\nsituation of king\\u2019s procureur at Toulouse, and a fortnight afterwards\\r\\nhe married Mademoiselle de Saint-M\\u00e9ran, whose father now stood higher\\r\\nat court than ever.\\r\\n\\r\\nAnd so Dant\\u00e8s, after the Hundred Days and after Waterloo, remained in\\r\\nhis dungeon, forgotten of earth and heaven.\\r\\n\\r\\nDanglars comprehended the full extent of the wretched fate that\\r\\noverwhelmed Dant\\u00e8s; and, when Napoleon returned to France, he, after\\r\\nthe manner of mediocre minds, termed the coincidence, _a decree of\\r\\nProvidence_.'","High",1775334172578,1
4,1,"LLM-FIRST CONSISTENT:  | DA_SCORE: 5 | M0: <think>\nOkay, let's tackle this step by step. The task is to determine if the Hypothetical Backstory | M1: To determine if the Hypothetical Backstory contradicts the established events in the novel, let's an | M2: Step 1 – Timeline Check  \nThe backstory gives no calendar year or even a relative “before-chapter-X” | DA_FINAL: **Step\u{202f}1 – Timeline Check**  \nThe backstory gives no explicit date; it only describes a lecture scene. None of the excerpts provide a timeline for a university lecture or any event that could be dated | NLI_REF: Claim: 'Sitting in on lectures uninvited, he was thrown out after shouting “The secret is on the 37th southern parallel!”' -> CONTRADICTED BY Unknown: 'His look\\r\\nstill indicated an uneasy state of mind, but he appeared decided to\\r\\nkeep his secret.' | Claim: 'while the professor explained Earth’s equatorial bulge.' -> CONTRADICTED BY Unknown: 'The mountain peaks emerged from the mists of the\\r\\nmorning.'","High",1775334172578,1
48,1,"LLM-FIRST CONSISTENT:  | DA_SCORE: 5 | M0: <think>\nOkay, let's tackle this step by step. The task is to determine if the Hypothetical Backstory | M1: Step 1 – Timeline Check  \nNo specific years or absolute dates are given in either the backstory or a | M2: CRITICAL_FAILURE on groq-llama: All 10 attempts failed for model groq-llama | DA_FINAL: **Step\u{202f}1 – Timeline Check**  \nThe backstory gives no explicit dates; it only describes a period of youth spent on a ranch before the novel’s events. None of the excerpts provide a timeline that would  | NLI_REF: Consistent","Medium",1775334172578,1
118,0,"LLM-FIRST VERIFIED:  | DA_SCORE: 5 | M0: <think>\nOkay, let's tackle this step by step. The user wants to know if the hypothetical backstory o | M1: Step 1 – Timeline Check  \nThe backstory claims the arrest happens at the moment of “Bourbon restorat | M2: CRITICAL_FAILURE on groq-llama: All 10 attempts failed for model groq-llama | DA_FINAL: **Step\u{202f}1 – Timeline Check**  \nThe back‑story places the arrest “at Toulon … during the Bourbon‑restoration festivities.” The excerpts that mention a legal arrest are:  \n\n- “You know that when he left  | NLI_REF: Claim: 'French gendarmes seized him at Toulon, accusing him of planning to bomb Bourbon restoration festivities; the real motive was that his code-breaking threatened a cardinal’s secret correspondence.' -> CONTRADICTED BY Unknown: 'Tell him all about it, baron.\\u201d\\r\\n\\r\\n\\u201cWhy, this is the way of it,\\u201d said the minister, with the gravest air\\r\\nin the world: \\u201cNapoleon lately had a review, and as two or three of his\\r\\nold veterans expressed a desire to return to France, he gave them their\\r\\ndismissal, and exhorted them to \\u2018serve the good king.\\u2019'","High",1775334172578,1
102,1,"LLM-FIRST CONSISTENT:  | DA_SCORE: 5 | M0: To determine if the Hypothetical Backstory contradicts the established events in the novel, let's fo | M1: <think>\nOkay, let's tackle this step by step. The task is to determine if the Hypothetical Backstory | M2: Step 1 - Timeline Check:  \nThe backstory claims the character was “a militant republican” who “atten | DA_FINAL: **Step\u{202f}1 – Timeline Check**  \nThe back‑story places the character as a militant republican “during the Revolution.” None of the supplied excerpts contain any dated reference to the French Revolution t | NLI_REF: Claim: 'During the Revolution he acted as a militant republican, attended major assemblies and helped organise trials of royalists.' -> CONTRADICTED BY Unknown: 'He was\\u2014nay, probably may still be\\u2014a Bonapartist,\\r\\nand is called Noirtier; I, on the contrary, am a staunch royalist, and\\r\\nstyle myself de Villefort.'","High",1775334172578,1
65,1,"LLM-FIRST CONSISTENT:  | DA_SCORE: 5 | M0: Step 1 – Timeline Check  \nNothing in the excerpted evidence refers to any episode prior to July 1864 | M1: <think>\nOkay, let's tackle this step by step. The task is to determine if the Hypothetical Backstory | M2: 1. **Step 1 - Timeline Check**: The backstory mentions that British officers marveled at the charact | DA_FINAL: **Step\u{202f}1 – Timeline Check**  \nThe back‑story gives no explicit dates; the evidence excerpts are chapter fragments without chronological markers that would clash with any specific year or period. No te | NLI_REF: Claim: 'British officers marvelled that he handled canoe, coast and jungle with equal ease, shuttling supplies and so preparing his later berth on the Dartmouth.' -> CONTRADICTED BY Unknown: 'He had given\\r\\nup remonstrating with this coarse seaman; but neither he nor Glenarvan\\r\\nleft the deck.\\r\\n\\r\\nTwo hours passed.'","High",1775334172578,1
54,1,"LLM-FIRST CONSISTENT:  | DA_SCORE: 5 | M0: <think>\nOkay, let's tackle this step by step. The task is to determine if the hypothetical backstory | M1: Step 1 – Timeline Check  \nThe backstory is undated. None of the excerpts supply a calendar year for  | M2: To determine if the Hypothetical Backstory contradicts the established events in the novel, let's an | DA_FINAL: **Step\u{202f}1 – Timeline Check**  \nThe back‑story gives no explicit dates. The evidence excerpts are fragmentary chapter headings and short passages that never mention a Chilean doctor, a cholera epidemic, | NLI_REF: Claim: 'He briefly loved Chilean doctor Mariana, who wanted him to settle down but was refused; she died nursing cholera-stricken Indians.' -> CONTRADICTED BY Unknown: 'The dowry\\r\\nof his wife amounted to fifty thousand crowns, and he had, besides, the\\r\\nprospect of seeing her fortune increased to half a million at her\\r\\nfather\\u2019s death.' | Claim: 'When he burned her belongings he kept the brass compass she had given him.' -> CONTRADICTED BY Unknown: 'According to his estimate, he had traveled a\\r\\ndistance of about two miles, when several men--five, he thought--sprang\\r\\nto his horse's head.'","High",1775334172578,1
83,1,"LLM-FIRST CONSISTENT:  | DA_SCORE: 5 | M0: <think>\nOkay, let's tackle this step by step. The task is to determine if the Hypothetical Backstory | M1: 1. **Timeline Check**:  \n- The backstory sets the meeting between the unnamed protagonist and Ayrton | M2: To determine if the Hypothetical Backstory contradicts the established events in the novel, let's an | DA_FINAL: **Step\u{202f}1 – Timeline Check**  \nThe back‑story says the meeting occurs *when the protagonist is eighteen* while he is “on the run in Tasmania.” None of the excerpts give an age for the protagonist, but  | NLI_REF: Claim: 'At eighteen, on the run in Tasmania, he met the escaped convict Ayrton hiding in the bush; the two fugitives pooled their languages and survival skills, raided together for ransom and forged a brotherhood laced with mutual wariness.' -> CONTRADICTED BY Unknown: 'But from the\\r\\nedge of the wood to the banks of the Snowy they did not meet with a\\r\\nsingle convict.'","High",1775334172578,1
13,1,"LLM-FIRST CONSISTENT:  | DA_SCORE: 5 | M0: <think>\nOkay, let's tackle this step by step. The task is to determine if the hypothetical backstory | M1: Step 1 – Timeline Check  \nThe backstory does not specify any calendar year or month for the “mother” | M2: 1. **Step 1 - Timeline Check**: The provided backstory does not specify any particular dates or year | DA_FINAL: **Step\u{202f}1 – Timeline Check**  \nThe back‑story contains no explicit dates or years. None of the excerpted passages provide a timeline that would clash with a personal‑motivated “living‑map” episode or a | NLI_REF: Claim: 'His deference to Lady Glenarvan echoed the tangled feelings he had once held for his mother; by becoming the expedition’s “living map” he tried to atone for failing to protect her.' -> CONTRADICTED BY Unknown: 'Failure!\\r\\nsad word, that finds no echo in a valiant soul; and yet, amid all\\r\\nthe changes of destiny, Glenarvan was forced to acknowledge his\\r\\npowerlessness to pursue this work of mercy.\\r\\n\\r\\nMary Grant, in this situation, no longer had the courage to utter the\\r\\nname of her father.'","High",1775334172578,1
116,1,"LLM-FIRST CONSISTENT:  | DA_SCORE: 5 | M0: <think>\nOkay, let's tackle this step by step. The task is to determine if the Hypothetical Backstory | M1: Step 1 – Timeline Check  \nThe backstory places the character in Lisbon “backing constitutionalist Pr | M2: CRITICAL_FAILURE on groq-llama: All 10 attempts failed for model groq-llama | DA_FINAL: **Step\u{202f}1 – Timeline Check**  \nThe backstory is set in Lisbon during the period when Prince\u{202f}Pedro (future\u{202f}Pedro\u{202f}IV of Portugal) was a constitutionalist, i.e., the early‑1820s (the Liberal Revolution of | NLI_REF: Claim: 'In Lisbon he backed constitutionalist Prince Pedro, was branded a Jacobin plotter out to poison King John VI and fled conservatives’ pursuit.' -> CONTRADICTED BY Unknown: 'The Marriage Feast\", \"path\": \"Unknown\", \"progress_pct\": 16.2, \"source_file\": \"Unknown\"}, \"text\": \" I am aware he is a\\r\\nfurious royalist; but, in spite of that, and of his being king\\u2019s\\r\\nattorney, he is a man like ourselves, and I fancy not a bad sort of\\r\\none.\\u201d\\r\\n\\r\\n\\u201cPerhaps not,\\u201d replied Danglars; \\u201cbut I hear that he is ambitious, and\\r\\nthat\\u2019s rather against him.\\u201d\\r\\n\\r\\n\\u201cWell, well,\\u201d returned M. Morrel, \\u201cwe shall see.'","High",1775334172578,1
104,1,"LLM-FIRST CONSISTENT:  | DA_SCORE: 5 | M0: Step 1 – Timeline Check  \nNo calendar dates, years, or ages are provided anywhere in the Evidence; t | M1: <think>\nOkay, let's tackle this step by step. The task is to determine if the hypothetical backstory | M2: CRITICAL_FAILURE on groq-llama: All 10 attempts failed for model groq-llama | DA_FINAL: **Step\u{202f}1 – Timeline Check**  \nThe back‑story gives no specific dates. None of the excerpts provide a timeline that places the character’s parents alive or dead at a particular year, so there is no tem | NLI_REF: Claim: 'His parents were targeted in a reprisal for supporting the Revolution; his mother was killed, deepening his distrust of authority.' -> CONTRADICTED BY Unknown: 'He\\r\\nwas about to marry a young and charming woman, whom he loved, not\\r\\npassionately, but reasonably, as became a deputy attorney of the king;\\r\\nand besides her personal attractions, which were very great,\\r\\nMademoiselle de Saint-M\\u00e9ran\\u2019s family possessed considerable political\\r\\ninfluence, which they would, of course, exert in his favor.'","High",1775334172578,1
125,1,"LLM-FIRST CONSISTENT:  | DA_SCORE: 5 | M0: <think>\nOkay, let's tackle this step by step. The task is to determine if the Hypothetical Backstory | M1: 1. **Timeline Check**: The backstory mentions that the character watched British troops crush a risi | M2: Step 1 – Timeline Check  \nNo excerpt supplies a birth-date, departure-date, or service record for th | DA_FINAL: **Step\u{202f}1 – Timeline Check**  \nThe back‑story is set “in India” during a British‑troop suppression of a rebellion. None of the supplied excerpts contain any reference to India, British troops, or a dat | NLI_REF: Consistent","Medium",1775334172578,1
67,1,"LLM-FIRST CONSISTENT:  | DA_SCORE: 5 | M0: 1. **Step 1 - Timeline Check**: The backstory mentions the character's father being ambushed by a Br | M1: <think>\nOkay, let's tackle this step by step. The task is to determine if the hypothetical backstory | M2: Step 1 – Timeline Check  \nNo specific dates or years appear in either the backstory (“saw his father | DA_FINAL: **Step\u{202f}1 – Timeline Check**  \nThe backstory gives no explicit dates; the evidence excerpts do not provide a dated event that would conflict with the timing of the father’s ambush or the mother’s tatto | NLI_REF: Claim: 'Born on New Zealand’s North-island east coast to a Maori war-chief father and a priestess mother skilled in herbs and star-reading, he saw his father ambushed by a British musket squad, the body mutilated, the left ear taken as trophy; his mother tattooed a vengeance curse on his chest with ochre.' -> CONTRADICTED BY Unknown: 'The prisoners were\\r\\nhelpless, abandoned to the mercy of the vengeful Maoris, and in that\\r\\nwild part of the island to which Christianity has never penetrated.\\r\\nKai-Koumou, leaving the waters of the Waikato, passed through the\\r\\nlittle creek which served as an outlet to the river, doubled a sharp\\r\\npromontory, and landed on the eastern border of the lake, at the base\\r\\nof the first slopes of Mount Manga.\\r\\n\\r\\nA quarter of a mile distant, on a buttress of the mountain, appeared\\r\\na \\\"pah,\\\" a Maori fortification, situated in an impregnable position.\\r\\nThe prisoners were taken ashore, with their hands and feet free, and\\r\\nconducted thither by the warriors.'","High",1775334172578,1
117,0,"LLM-FIRST VERIFIED:  | DA_SCORE: 5 | M0: <think>\nOkay, let's tackle this step by step. The task is to determine if the hypothetical backstory | M1: Step 1 – Timeline Check  \nThe backstory says the character “hid lifetime research manuscripts … whil | M2: 1. **Timeline Check**: The provided backstory mentions that the character hid lifetime research manu | DA_FINAL: **Step\u{202f}1 – Timeline Check**  \nThe backstory states that the manuscripts were hidden “while escaping.” The excerpts that mention an escape (e.g., the prison escape in Chapter\u{202f}17 – “I did not expect to  | NLI_REF: Claim: 'While escaping he hid lifetime research manuscripts in a Madeira monastery cellar—the eventual clue to Monte Cristo’s treasure.' -> CONTRADICTED BY Unknown: 'He clung to one idea\\u2014that of his happiness, destroyed,\\r\\nwithout apparent cause, by an unheard-of fatality; he considered and\\r\\nreconsidered this idea, devoured it (so to speak), as the implacable\\r\\nUgolino devours the skull of Archbishop Roger in the Inferno of Dante.\\r\\n\\r\\nRage supplanted religious fervor.'","High",1775334172578,1
25,1,"LLM-FIRST CONSISTENT:  | DA_SCORE: 5 | M0: <think>\nOkay, let's tackle this step by step. The task is to determine if the Hypothetical Backstory | M1: Step 1 – Timeline Check  \nThe backstory situates the meeting with “ex-General von Wallace” on “the e | M2: To analyze the consistency of the hypothetical backstory with the evidence excerpts from the novel,  | DA_FINAL: **Step\u{202f}1 – Timeline Check**  \nThe back‑story says the meeting with ex‑General von\u{202f}Wallace happened *“on the eve of sailing aboard the Duncan.”*  \nNone of the excerpts give a specific date for the depa | NLI_REF: Consistent","Medium",1775334172578,1
26,1,"LLM-FIRST CONSISTENT:  | DA_SCORE: 5 | M0: Step 1 – Timeline Check  \nThe backstory gives no calendar year, only a sequence: born → father lost  | M1: <think>\nOkay, let's tackle this step by step. The task is to determine if the given Hypothetical Bac | M2: 1. **Step 1 - Timeline Check**: The provided backstory does not specify exact dates or years, and th | DA_FINAL: **Step\u{202f}1 – Timeline Check**  \nThe back‑story places the character’s childhood in the Liverpool slums, his father’s arrest for smuggling, and his subsequent years in an orphanage. None of the supplied  | NLI_REF: Claim: 'Born in Liverpool’s slums to an alcoholic sailor father and a mother who died of tuberculosis while he was young, he watched his father be transported for smuggling and then endured an orphanage where nuns pilfered relief supplies, teaching him to despise authority.' -> CONTRADICTED BY Unknown: 'His home was at Dundee, in the county of\\r\\nForfar, and he was moreover, by birth, a child of that \\\"bonnie\\\" place.\\r\\nHis father, a minister of Saint Catherine's Church, had given him a\\r\\nthorough education, knowing that it would be sure to help all, even a\\r\\nsea-captain.\\r\\n\\r\\n[Sidenote: IDEAS AND REALITIES.]\\r\\n\\r\\nDuring his early voyages, first as mate, and afterwards in the\\r\\ncapacity of skipper, Harry Grant prospered, and some years after\\r\\nthe birth of his son Robert, he found himself the possessor of a\\r\\nconsiderable fortune.\\r\\n\\r\\nThen a great idea entered his mind which made his name popular\\r\\nthroughout Scotland.'","High",1775334172578,1
126,1,"LLM-FIRST CONSISTENT:  | DA_SCORE: 5 | M0: <think>\nOkay, let's tackle this step by step. The task is to determine if the hypothetical backstory | M1: Step 1 – Timeline Check  \nNo passage supplies a date or year that would place the alleged witch-burn | M2: CRITICAL_FAILURE on groq-llama: All 10 attempts failed for model groq-llama | DA_FINAL: **Step\u{202f}1 – Timeline Check**  \nThe back‑story gives no explicit dates; it only states that the sister’s execution occurred “when” the character was young and that the memory shaped his later hatred. No | NLI_REF: Claim: 'His sister was burned as a witch for spurning a nobleman; the injustice fed a lifelong hatred of institutional rot.' -> CONTRADICTED BY Unknown: 'The Examination\\r\\n\\r\\nNo sooner had Villefort left the salon, than he assumed the grave air\\r\\nof a man who holds the balance of life and death in his hands.'","High",1775334172578,1
99,1,"LLM-FIRST CONSISTENT:  | DA_SCORE: 5 | M0: Step 1 – Timeline Check  \nNo explicit dates or years are given in the backstory (“born into a Parisi | M1: <think>\nOkay, let's tackle this step by step. The task is to determine if the hypothetical backstory | M2: CRITICAL_FAILURE on groq-llama: All 10 attempts failed for model groq-llama | DA_FINAL: **Step\u{202f}1 – Timeline Check**  \nThe backstory gives no specific dates or years. None of the excerpted passages contain explicit chronological information that would conflict with an unspecified birth‑da | NLI_REF: Claim: 'Born into a Parisian legal family, he absorbed his father’s staunch republicanism and his mother’s gentler sensibility, learning to balance reason with feeling.' -> CONTRADICTED BY Unknown: 'Suppose, for instance, the prisoner, as\\r\\nis more than probable, to have served under Napoleon\\u2014well, can you\\r\\nexpect for an instant, that one accustomed, at the word of his\\r\\ncommander, to rush fearlessly on the very bayonets of his foe, will\\r\\nscruple more to drive a stiletto into the heart of one he knows to be\\r\\nhis personal enemy, than to slaughter his fellow-creatures, merely\\r\\nbecause bidden to do so by one he is bound to obey?'","High",1775334172578,1
134,1,"LLM-FIRST CONSISTENT:  | DA_SCORE: 5 | M0: <think>\nOkay, let's tackle this step by step. The task is to determine if the hypothetical backstory | M1: 1. **Step 1 - Timeline Check**: The backstory mentions that after graduation, the character was enli | M2: Step 1 – Timeline Check  \nThe backstory speaks of a moment “after graduation.”  \nIn the novel, the c | DA_FINAL: **Step\u{202f}1 – Timeline Check**  \nThe back‑story says the character was recruited “after graduation.” None of the excerpts give a date or event that places the character at a university graduation, nor do | NLI_REF: Consistent","Medium",1775334172578,1
8,1,"LLM-FIRST CONSISTENT:  | DA_SCORE: 5 | M0: <think>\nOkay, let's tackle this step by step. The task is to determine if the hypothetical backstory | M1: Step 1 – Timeline Check  \nThe backstory refers to an unspecified past encounter with “a native tribe | M2: To determine if the Hypothetical Backstory contradicts the established events in the novel, let's an | DA_FINAL: **Step\u{202f}1 – Timeline Check**  \nThe backstory gives no explicit dates. None of the excerpts provide a timeline that would place the character elsewhere at the same moment he is supposed to be with the t | NLI_REF: Consistent","Medium",1775334172578,1
10,1,"LLM-FIRST CONSISTENT:  | DA_SCORE: 5 | M0: <think>\nOkay, let's tackle this step by step. The task is to determine if the hypothetical backstory | M1: Step 1 – Timeline Check  \nThe backstory sets the character on the Murray River “recording thirty-two | M2: To determine if the Hypothetical Backstory contradicts the established events in the novel, let's an | DA_FINAL: **Step\u{202f}1 – Timeline Check**  \nThe back‑story gives no explicit dates; it only says the events occurred while the character was “recording thirty‑two dialects along the Murray River” and were followed  | NLI_REF: Claim: 'While recording thirty-two dialects along the Murray River he was expelled by British colonists; after his notes were burned he vowed to “measure every hidden truth with my own feet.”' -> CONTRADICTED BY Unknown: 'One thought in particular\\r\\ntormented him: namely, that during his journey hither he had sat so\\r\\nstill, whereas he might, a dozen times, have plunged into the sea, and,\\r\\nthanks to his powers of swimming, for which he was famous, have gained\\r\\nthe shore, concealed himself until the arrival of a Genoese or Spanish\\r\\nvessel, escaped to Spain or Italy, where Merc\\u00e9d\\u00e8s and his father could\\r\\nhave joined him.'","High",1775334172578,1
105,1,"LLM-FIRST CONSISTENT:  | DA_SCORE: 5 | M0: <think>\nOkay, let's tackle this step by step. The task is to determine if the hypothetical backstory | M1: Step 1 - Timeline Check:  \nThe “anti-Bonaparte society” must be active after Napoleon’s rise to powe | M2: To determine if the Hypothetical Backstory contradicts the established events in the novel, let's an | DA_FINAL: **Step\u{202f}1 – Timeline Check**  \nThe back‑story places the character’s rise to leadership of an anti‑Bonaparte secret society during the Napoleonic era. None of the excerpts give a specific date for the  | NLI_REF: Claim: 'He became head of a clandestine anti-Bonaparte society, organising underground actions to sap the Emperor’s support.' -> CONTRADICTED BY Unknown: '\\u201cThe order of\\r\\nimprisonment came from high authority, and the order for his liberation\\r\\nmust proceed from the same source; and, as Napoleon has scarcely been\\r\\nreinstated a fortnight, the letters have not yet been forwarded.\\u201d\\r\\n\\r\\n\\u201cBut,\\u201d said Morrel, \\u201cis there no way of expediting all these\\r\\nformalities\\u2014of releasing him from arrest?\\u201d\\r\\n\\r\\n\\u201cThere has been no arrest.\\u201d\\r\\n\\r\\n\\u201cHow?\\u201d\\r\\n\\r\\n\\u201cIt is sometimes essential to government to cause a man\\u2019s disappearance\\r\\nwithout leaving any traces, so that no written forms or documents may\\r\\ndefeat their wishes.\\u201d\\r\\n\\r\\n\\u201cIt might be so under the Bourbons, but at present\\u2014\\u2014\\u201d\\r\\n\\r\\n\\u201cIt has always been so, my dear Morrel, since the reign of Louis XIV.\\r\\nThe emperor is more strict in prison discipline than even Louis\\r\\nhimself, and the number of prisoners whose names are not on the\\r\\nregister is incalculable.\\u201d Had Morrel even any suspicions, so much\\r\\nkindness would have dispelled them.\\r\\n\\r\\n\\u201cWell, M. de Villefort, how would you advise me to act?\\u201d asked he.\\r\\n\\r\\n\\u201cPetition the minister.\\u201d\\r\\n\\r\\n\\u201cOh, I know what that is; the minister receives two hundred petitions\\r\\nevery day, and does not read three.\\u201d\\r\\n\\r\\n\\u201cThat is true; but he will read a petition countersigned and presented\\r\\nby me.\\u201d\\r\\n\\r\\n\\u201cAnd will you undertake to deliver it?\\u201d\\r\\n\\r\\n\\u201cWith the greatest pleasure.'","High",1775334172578,1
130,1,"LLM-FIRST CONSISTENT:  | DA_SCORE: 5 | M0: <think>\nOkay, let's tackle this step by step. The task is to determine if the hypothetical backstory | M1: Step 1 – Timeline Check  \nNo specific dates or years are supplied in either the backstory (“years of | M2: To analyze the consistency between the hypothetical backstory and the evidence excerpts from the nov | DA_FINAL: **Step\u{202f}1 – Timeline Check**  \nThe back‑story gives no explicit date; it merely re‑interprets a past “epileptic fit” as death from chronic lead poisoning while the character was imprisoned. None of the | NLI_REF: Claim: 'What seemed an epileptic fit was in fact sudden death from years of drinking prison water laced with lead.' -> CONTRADICTED BY Unknown: 'He had often heard that\\r\\nshipwrecked persons had died through having eagerly devoured too much\\r\\nfood.'","High",1775334172578,1
108,1,"LLM-FIRST CONSISTENT:  | DA_SCORE: 5 | M0: <think>\nOkay, let's tackle this step by step. The user wants to know if the hypothetical backstory c | M1: Step 1 – Timeline Check  \nThe backstory does not mention any calendar year, only a generational sequ | M2: CRITICAL_FAILURE on groq-llama: All 10 attempts failed for model groq-llama | DA_FINAL: **Step‑by‑step analysis**\n\n1. **Timeline Check** – The back‑story gives no specific dates; the excerpts are set during the “Hundred Days,” the “Examination,” etc. There is no evidence that the father’ | NLI_REF: Claim: 'He married a gentle apolitical woman, hoping domestic peace would replace political strife, and pinned on his son Villefort the hope that the boy would carry his ideals forward.' -> CONTRADICTED BY Unknown: 'What I was saying, Villefort,\\r\\nwas, that the Bonapartists had not our sincerity, enthusiasm, or\\r\\ndevotion.\\u201d\\r\\n\\r\\n\\u201cThey had, however, what supplied the place of those fine qualities,\\u201d\\r\\nreplied the young man, \\u201cand that was fanaticism.'","High",1775334172578,1
96,1,"LLM-FIRST CONSISTENT:  | DA_SCORE: 5 | M0: <think>\nOkay, let's tackle this step by step. The user wants to know if the Hypothetical Backstory c | M1: Step 1 - Timeline Check:  \nThe backstory claims the father begins training Valentine to communicate  | M2: CRITICAL_FAILURE on groq-llama: All 10 attempts failed for model groq-llama | DA_FINAL: **Step\u{202f}1 – Timeline Check**  \n- The back‑story pins the start of the eye‑movement training to **1819** and later mentions the narrator’s own paralysis.  \n- None of the supplied excerpts contain any ex | NLI_REF: Consistent","Medium",1775334172578,1
138,1,"LLM-FIRST CONSISTENT:  | DA_SCORE: 5 | M0: 1. **Timeline Check**: The backstory mentions \"long political warfare\" which severed the character f | M1: <think>\nOkay, let's tackle this step by step. The user wants to know if the hypothetical backstory c | M2: Step 1 – Timeline Check  \nNo backstory date is supplied, and none of the excerpt fragments carry a f | DA_FINAL: **Step\u{202f}1 – Timeline Check**  \nThe back‑story gives no specific dates; it only says “long political warfare” caused a break with his family. None of the excerpts provide a concrete timeline that would  | NLI_REF: Consistent","Medium",1775334172578,1
84,1,"LLM-FIRST CONSISTENT:  | DA_SCORE: 5 | M0: <think>\nOkay, let's tackle this step by step. The task is to determine if the hypothetical backstory | M1: Step 1 – Timeline Check  \nThe backstory says the character (left nameless here) was in “a British ou | M2: 1. **Step 1 - Timeline Check**: The backstory mentions a skirmish at a British outpost but does not  | DA_FINAL: **Step\u{202f}1 – Timeline Check**  \nThe backstory specifies a “skirmish at a British outpost” but none of the supplied excerpts contain any date, year, or temporal marker that places such an event. The exce | NLI_REF: Consistent","Medium",1775334172578,1
57,1,"LLM-FIRST CONSISTENT:  | DA_SCORE: 5 | M0: Step 1 – Timeline Check  \nThe backstory supplies concrete ages (7 and 9) but no calendar year.  \nThe | M1: <think>\nOkay, let's tackle this step by step. The user wants to know if the hypothetical backstory o | M2: CRITICAL_FAILURE on groq-llama: All 10 attempts failed for model groq-llama | DA_FINAL: **Step\u{202f}1 – Timeline Check**  \nThe back‑story specifies events at ages\u{202f}7 and\u{202f}9 (father’s disappearance in a local uprising, mother’s death from illness). None of the supplied excerpts contain any refer | NLI_REF: Consistent","Medium",1775334172578,1
68,0,"LLM-FIRST VERIFIED:  | DA_SCORE: 5 | M0: To determine if the Hypothetical Backstory contradicts the established events in the novel, let's an | M1: <think>\nOkay, let's tackle this step by step. The task is to determine if the Hypothetical Backstory | M2: Step 1 – Timeline Check:  \nThe backstory pins two events to the character’s childhood:  \n- age 10 –  | DA_FINAL: **Step\u{202f}1 – Timeline Check**  \nThe backstory fixes two events:  \n- Age\u{202f}10: a flame‑shaped birth‑mark is interpreted by elders.  \n- Age\u{202f}14: the character kills a European bison and fashions a battle‑axe | NLI_REF: Claim: 'At ten, migrating with his clan, a flame-shaped birth-mark on his forehead convinced elders he was the reincarnation of the “sun-devouring warrior.”' -> CONTRADICTED BY Unknown: 'He clung to one idea\\u2014that of his happiness, destroyed,\\r\\nwithout apparent cause, by an unheard-of fatality; he considered and\\r\\nreconsidered this idea, devoured it (so to speak), as the implacable\\r\\nUgolino devours the skull of Archbishop Roger in the Inferno of Dante.\\r\\n\\r\\nRage supplanted religious fervor.' | Claim: 'At fourteen he single-handedly brought down a European bison that had trampled plantations, fashioned his first battle-axe from its horns and carved on the handle his father’s death-bed chant: “gnaw the bones of enemies.”' -> CONTRADICTED BY Unknown: 'Had he perceived the approach of prowling\\r\\nIndians, or the coming of jaguars, water-tigers, and other formidable\\r\\nbeasts which are numerous in the neighborhood of rivers?'","High",1775334172578,1
79,1,"LLM-FIRST CONSISTENT:  | DA_SCORE: 5 | M0: <think>\nOkay, let's tackle this step by step. The task is to determine if the Hypothetical Backstory | M1: Step 1 - Timeline Check:  \nThe backstory refers to a post-killing “Blood-and-Bone” rite performed “w | M2: To determine if the Hypothetical Backstory contradicts the established events in the novel, let's an | DA_FINAL: **Step\u{202f}1 – Timeline Check**  \nThe backstory describes a ritual performed repeatedly “whenever catastrophe loomed.” None of the excerpts provide a timeline for such a rite, nor do they place the charac | NLI_REF: Consistent","Medium",1775334172578,1
34,1,"LLM-FIRST CONSISTENT:  | DA_SCORE: 5 | M0: <think>\nOkay, let's tackle this step by step. The user wants to know if the hypothetical backstory c | M1: Step 1 – Timeline Check  \nNo fragment contains a timestamp that would preclude the convict’s having  | M2: To determine if the Hypothetical Backstory contradicts the established events in the novel, let's an | DA_FINAL: **Step\u{202f}1 – Timeline Check**  \nThe back‑story does not give a specific year or chapter reference. The excerpts span chapters\u{202f}XXXVI‑XLV of a novel that deals with voyages in the South Pacific and Austra | NLI_REF: Consistent","Medium",1775334172578,1
74,1,"LLM-FIRST CONSISTENT:  | DA_SCORE: 5 | M0: Step 1 – Timeline Check  \nThe backstory speaks of “before each fight,” implying a pattern that began | M1: <think>\nOkay, let's tackle this step by step. The task is to determine if the hypothetical backstory | M2: CRITICAL_FAILURE on groq-llama: All 10 attempts failed for model groq-llama | DA_FINAL: **Step\u{202f}1 – Timeline Check**  \nThe backstory gives no explicit dates or years; it only describes a ritual performed “before each fight.” None of the evidence excerpts provide a timeline that places the | NLI_REF: Claim: 'Before each fight he studied the crack-patterns of his mother’s shark-tooth necklace by moonlight to divine the outcome.' -> CONTRADICTED BY Unknown: 'Starting up, he clasped his hands around his head as though to\\r\\nprevent his very brain from bursting, and exclaimed, \\u201cHis father!'","High",1775334172578,1
113,1,"LLM-FIRST CONSISTENT:  | DA_SCORE: 5 | M0: Step 1 – Timeline Check  \nNone of the excerpts supply an explicit year or date for any character’s b | M1: <think>\nOkay, let's tackle this step by step. The task is to determine if the hypothetical backstory | M2: CRITICAL_FAILURE on groq-llama: All 10 attempts failed for model groq-llama | DA_FINAL: **Step\u{202f}1 – Timeline Check**  \nThe back‑story gives no specific dates; the evidence excerpts contain only chapter headings and illustration placeholders. None of the headings provide a year or time‑fra | NLI_REF: Consistent","Medium",1775334172578,1
39,1,"LLM-FIRST CONSISTENT:  | DA_SCORE: 5 | M0: 1. Timeline Check  \nNo specific dates are attached to either the alias \"Ben Joyce\" or the Liverpool– | M1: <think>\nOkay, let's tackle this step by step. The task is to determine if the hypothetical backstory | M2: To determine if the Hypothetical Backstory contradicts the established events in the novel, let's an | DA_FINAL: **Step\u{202f}1 – Timeline Check**  \nThe back‑story places the alias “Ben\u{202f}Joyce” on a Liverpool‑Lisbon trader **immediately after his discharge**. None of the excerpts give a specific date for Ben\u{202f}Joyce’s ac | NLI_REF: Claim: 'After discharge he adopted the alias Ben Joyce and shipped on the Liverpool–Lisbon trader, forming a mentor-friend bond with Captain Dewey and second mate Eddie.' -> CONTRADICTED BY Unknown: 'Ben Joyce is his fighting title.'","High",1775334172578,1
5,1,"LLM-FIRST CONSISTENT:  | DA_SCORE: 5 | M0: <think>\nOkay, let's tackle this step by step. The task is to determine if the hypothetical backstory | M1: Step 1 – Timeline Check  \nNo passage gives any calendar year, age for the character, or reference to | M2: To determine if the Hypothetical Backstory contradicts the established events in the novel, let's an | DA_FINAL: **Step\u{202f}1 – Timeline Check**  \nThe backstory gives no explicit calendar date; it only mentions that after the sand‑storm injury the character “often mixed up dates and directions.” None of the excerpts | NLI_REF: Claim: 'During an Algerian geological survey he shielded a box of specimens in a sand-storm, was struck on the head and afterwards often mixed up dates and directions.' -> CONTRADICTED BY Unknown: 'By its light, between the\\r\\nIsland of Lemaire and Cape Croiselle, a quarter of a league distant,\\r\\nDant\\u00e8s saw a fishing-boat driven rapidly like a spectre before the\\r\\npower of winds and waves.'","High",1775334172578,1
6,1,"LLM-FIRST CONSISTENT:  | DA_SCORE: 5 | M0: <think>\nOkay, let's tackle this step by step. The task is to determine if the Hypothetical Backstory | M1: Step 1 – Timeline Check  \n- The excerpts place the main action in October (departure on the 14th) an | M2: 1. **Step 1 - Timeline Check**: The backstory mentions a meeting in a Marseille waterfront bar, but  | DA_FINAL: **Step\u{202f}1 – Timeline Check**  \nThe back‑story gives no explicit date for the Marseille encounter. The excerpts contain no dated reference that would clash with an earlier meeting in Marseille. No tempo | NLI_REF: Consistent","Medium",1775334172578,1
41,1,"LLM-FIRST CONSISTENT:  | DA_SCORE: 5 | M0: <think>\nOkay, let's tackle this step by step. The user wants to determine if the Hypothetical Backst | M1: Step 1 – Timeline Check  \nThe backstory refers only to “In Lisbon” without supplying a date. All exc | M2: 1. **Step 1 - Timeline Check**: The backstory mentions that the character was in Lisbon and helped a | DA_FINAL: **Step\u{202f}1 – Timeline Check**  \nThe back‑story is set in Lisbon and does not give a specific year, but none of the supplied excerpts mention Lisbon or any events occurring there. The absence of a confli | NLI_REF: Claim: 'In Lisbon he unwittingly helped a black-marketeer dodge duty, was introduced to Duncan’s smuggling ring and, using his sea-craft, slipped past patrols several times; guilt nibbled at him yet profit lured him deeper.' -> CONTRADICTED BY Unknown: 'He returned to Talcahuana, and,\\r\\nsparing neither fatigue, trouble, or money, he sent men to the coast,\\r\\nbut their search was in vain.'","High",1775334172578,1
11,1,"LLM-FIRST CONSISTENT:  | DA_SCORE: 5 | M0: Step 1 - Timeline Check:  \nThe backstory describes “one night” in which the character witnessed the  | M1: 1. **Timeline Check**: The backstory mentions \"one night\" when the character saw Ayrton secretly mee | M2: <think>\nOkay, let's tackle this step by step. The task is to determine if the Hypothetical Backstory | DA_FINAL: **Step\u{202f}1 – Timeline Check**  \nThe back‑story only says “one night” without giving a date or chapter. None of the supplied excerpts provide a specific night that would overlap with the described incide | NLI_REF: Claim: 'One night he saw first mate Ayrton secretly meet slave-traders; while shadowing them he was slashed across the left forearm with a dagger.' -> CONTRADICTED BY Unknown: 'He inquired of his host whether he was willing for\\r\\nhim to propose to Ayrton to accompany them.'","High",1775334172578,1
